CourseTitle,Category,Sub Category,CourseWebsite,Duration,DurationTerm,StudyMode,DegreeLevel,IntakeDay,IntakeMonth,ApplyDay,ApplyMonth,City,DomesticOnly,InternationalFee,DomesticFee,FeeTerm,FeeYear,Currency,StudyLoad,Language,IELTS_Listening,IELTS_Speaking,IELTS_Writing,IELTS_Reading,IELTS_Overall,PTE_Listening,PTE_Speaking,PTE_Writing,PTE_Reading,PTE_Overall,TOEFL_Listening,TOEFL_Speaking,TOEFL_Writing,TOEFL_Reading,TOEFL_Overall,English Test,English Test Reading,English Test Listening,English Test Speaking,English Test Writing,English Test Overall,AcademicLevel,AcademicScore,ScoreType,AcademicCountry,OtherTest,Score,OtherRequirement,CourseDescription,CourseStructure,Career
,,,https://www.dundee.ac.uk/undergraduate/english-politics,,,,,,,,,,,,,,,,,,,,,,,,,,,,,,,,,,,,,,,,,,,,,,,,
,,,https://www.dundee.ac.uk/undergraduate/english-psychology,,,,,,,,,,,,,,,,,,,,,,,,,,,,,,,,,,,,,,,,,,,,,,,,
,,,https://www.dundee.ac.uk/undergraduate/art-design-general-foundation,,,,,,,,,,,,,,,,,,,,,,,,,,,,,,,,,,,,,,,,,,,,,,,,
,,,https://www.dundee.ac.uk/undergraduate/english-film-studies,,,,,,,,,,,,,,,,,,,,,,,,,,,,,,,,,,,,,,,,,,,,,,,,
,,,https://www.dundee.ac.uk/undergraduate/education,,,,,,,,,,,,,,,,,,,,,,,,,,,,,,,,,,,,,,,,,,,,,,,,
,,,https://www.dundee.ac.uk/undergraduate/english-philosophy,,,,,,,,,,,,,,,,,,,,,,,,,,,,,,,,,,,,,,,,,,,,,,,,
,,,https://www.dundee.ac.uk/undergraduate/english-history,,,,,,,,,,,,,,,,,,,,,,,,,,,,,,,,,,,,,,,,,,,,,,,,
,,,https://www.dundee.ac.uk/undergraduate/economics-bsc,,,,,,,,,,,,,,,,,,,,,,,,,,,,,,,,,,,,,,,,,,,,,,,,
,,,https://www.dundee.ac.uk/undergraduate/english-european-languages,,,,,,,,,,,,,,,,,,,,,,,,,,,,,,,,,,,,,,,,,,,,,,,,
,,,https://www.dundee.ac.uk/undergraduate/english-mathematics,,,,,,,,,,,,,,,,,,,,,,,,,,,,,,,,,,,,,,,,,,,,,,,,
,,,https://www.dundee.ac.uk/undergraduate/english,,,,,,,,,,,,,,,,,,,,,,,,,,,,,,,,,,,,,,,,,,,,,,,,
,,,https://www.dundee.ac.uk/undergraduate/english-creative-writing,,,,,,,,,,,,,,,,,,,,,,,,,,,,,,,,,,,,,,,,,,,,,,,,
,,,https://www.dundee.ac.uk/undergraduate/economics-spanish,,,,,,,,,,,,,,,,,,,,,,,,,,,,,,,,,,,,,,,,,,,,,,,,
,,,https://www.dundee.ac.uk/undergraduate/economics-french,,,,,,,,,,,,,,,,,,,,,,,,,,,,,,,,,,,,,,,,,,,,,,,,
,,,https://www.dundee.ac.uk/postgraduate/profdoc-social-work,,,,,,,,,,,,,,,,,,,,,,,,,,,,,,,,,,,,,,,,,,,,,,,,
,,,https://www.dundee.ac.uk/postgraduate/profdoc-social-sciences,,,,,,,,,,,,,,,,,,,,,,,,,,,,,,,,,,,,,,,,,,,,,,,,
,,,https://www.dundee.ac.uk/postgraduate/profdoc-science-engineering,,,,,,,,,,,,,,,,,,,,,,,,,,,,,,,,,,,,,,,,,,,,,,,,
,,,https://www.dundee.ac.uk/postgraduate/profdoc-medicine,,,,,,,,,,,,,,,,,,,,,,,,,,,,,,,,,,,,,,,,,,,,,,,,
,,,https://www.dundee.ac.uk/postgraduate/profdoc-health-sciences,,,,,,,,,,,,,,,,,,,,,,,,,,,,,,,,,,,,,,,,,,,,,,,,
,,,https://www.dundee.ac.uk/undergraduate/economics-ma,,,,,,,,,,,,,,,,,,,,,,,,,,,,,,,,,,,,,,,,,,,,,,,,
,,,https://www.dundee.ac.uk/postgraduate/profdoc-humanities,,,,,,,,,,,,,,,,,,,,,,,,,,,,,,,,,,,,,,,,,,,,,,,,
,,,https://www.dundee.ac.uk/undergraduate/economics-politics,,,,,,,,,,,,,,,,,,,,,,,,,,,,,,,,,,,,,,,,,,,,,,,,
,,,https://www.dundee.ac.uk/postgraduate/low-carbon-just-transition,,,,,,,,,,,,,,,,,,,,,,,,,,,,,,,,,,,,,,,,,,,,,,,,
,,,https://www.dundee.ac.uk/postgraduate/teaching-english-speakers-others-languages,,,,,,,,,,,,,,,,,,,,,,,,,,,,,,,,,,,,,,,,,,,,,,,,
,,,https://www.dundee.ac.uk/postgraduate/profdoc-educational-psychology,,,,,,,,,,,,,,,,,,,,,,,,,,,,,,,,,,,,,,,,,,,,,,,,
,,,https://www.dundee.ac.uk/postgraduate/profdoc-education,,,,,,,,,,,,,,,,,,,,,,,,,,,,,,,,,,,,,,,,,,,,,,,,
,,,https://www.dundee.ac.uk/postgraduate/sustainability-climate-change-green-economy,,,,,,,,,,,,,,,,,,,,,,,,,,,,,,,,,,,,,,,,,,,,,,,,
,,,https://www.dundee.ac.uk/postgraduate/business-research-methods,,,,,,,,,,,,,,,,,,,,,,,,,,,,,,,,,,,,,,,,,,,,,,,,
,,,https://www.dundee.ac.uk/postgraduate/sustainability,,,,,,,,,,,,,,,,,,,,,,,,,,,,,,,,,,,,,,,,,,,,,,,,
,,,https://www.dundee.ac.uk/postgraduate/profdoc-community-learning-development,,,,,,,,,,,,,,,,,,,,,,,,,,,,,,,,,,,,,,,,,,,,,,,,
,,,https://www.dundee.ac.uk/postgraduate/sustainability-water-security,,,,,,,,,,,,,,,,,,,,,,,,,,,,,,,,,,,,,,,,,,,,,,,,
,,,https://www.dundee.ac.uk/postgraduate/sustainability-renewables,,,,,,,,,,,,,,,,,,,,,,,,,,,,,,,,,,,,,,,,,,,,,,,,
,,,https://www.dundee.ac.uk/postgraduate/sustainability-transition-low-carbon-economy,,,,,,,,,,,,,,,,,,,,,,,,,,,,,,,,,,,,,,,,,,,,,,,,
,,,https://www.dundee.ac.uk/postgraduate/profdoc-art-design,,,,,,,,,,,,,,,,,,,,,,,,,,,,,,,,,,,,,,,,,,,,,,,,
,,,https://www.dundee.ac.uk/postgraduate/teaching-english-speakers-others-languages-part-time,,,,,,,,,,,,,,,,,,,,,,,,,,,,,,,,,,,,,,,,,,,,,,,,
,,,https://www.dundee.ac.uk/postgraduate/structural-engineering-concrete-materials,,,,,,,,,,,,,,,,,,,,,,,,,,,,,,,,,,,,,,,,,,,,,,,,
,,,https://www.dundee.ac.uk/postgraduate/sustainability-environmental-modelling,,,,,,,,,,,,,,,,,,,,,,,,,,,,,,,,,,,,,,,,,,,,,,,,
,,,https://www.dundee.ac.uk/postgraduate/spatial-planning-sustainable-urban-design,,,,,,,,,,,,,,,,,,,,,,,,,,,,,,,,,,,,,,,,,,,,,,,,
,,,https://www.dundee.ac.uk/postgraduate/stand-alone-msc-degree-modules-nursing-health-studies,,,,,,,,,,,,,,,,,,,,,,,,,,,,,,,,,,,,,,,,,,,,,,,,
,,,https://www.dundee.ac.uk/postgraduate/spatial-planning-sustainable-urban-design-part-time,,,,,,,,,,,,,,,,,,,,,,,,,,,,,,,,,,,,,,,,,,,,,,,,
,,,https://www.dundee.ac.uk/postgraduate/social-research,,,,,,,,,,,,,,,,,,,,,,,,,,,,,,,,,,,,,,,,,,,,,,,,
,,,https://www.dundee.ac.uk/postgraduate/social-research-pgdip,,,,,,,,,,,,,,,,,,,,,,,,,,,,,,,,,,,,,,,,,,,,,,,,
,,,https://www.dundee.ac.uk/postgraduate/spanish,,,,,,,,,,,,,,,,,,,,,,,,,,,,,,,,,,,,,,,,,,,,,,,,
,,,https://www.dundee.ac.uk/postgraduate/social-work,,,,,,,,,,,,,,,,,,,,,,,,,,,,,,,,,,,,,,,,,,,,,,,,
,,,https://www.dundee.ac.uk/postgraduate/scottish-history,,,,,,,,,,,,,,,,,,,,,,,,,,,,,,,,,,,,,,,,,,,,,,,,
,,,https://www.dundee.ac.uk/postgraduate/science-fiction,,,,,,,,,,,,,,,,,,,,,,,,,,,,,,,,,,,,,,,,,,,,,,,,
,,,https://www.dundee.ac.uk/postgraduate/social-research-pgdip-partime,,,,,,,,,,,,,,,,,,,,,,,,,,,,,,,,,,,,,,,,,,,,,,,,
,,,https://www.dundee.ac.uk/postgraduate/social-research-partime,,,,,,,,,,,,,,,,,,,,,,,,,,,,,,,,,,,,,,,,,,,,,,,,
,,,https://www.dundee.ac.uk/postgraduate/records-management-information-rights-pgcert,,,,,,,,,,,,,,,,,,,,,,,,,,,,,,,,,,,,,,,,,,,,,,,,
,,,https://www.dundee.ac.uk/postgraduate/records-management-information-rights-pgdip,,,,,,,,,,,,,,,,,,,,,,,,,,,,,,,,,,,,,,,,,,,,,,,,
,,,https://www.dundee.ac.uk/postgraduate/records-management,,,,,,,,,,,,,,,,,,,,,,,,,,,,,,,,,,,,,,,,,,,,,,,,
,,,https://www.dundee.ac.uk/postgraduate/records-management-information-rights,,,,,,,,,,,,,,,,,,,,,,,,,,,,,,,,,,,,,,,,,,,,,,,,
,,,https://www.dundee.ac.uk/postgraduate/records-management-digital-preservation-pgdip,,,,,,,,,,,,,,,,,,,,,,,,,,,,,,,,,,,,,,,,,,,,,,,,
,,,https://www.dundee.ac.uk/postgraduate/quality-improvement-patient-safety-msc,,,,,,,,,,,,,,,,,,,,,,,,,,,,,,,,,,,,,,,,,,,,,,,,
,,,https://www.dundee.ac.uk/postgraduate/public-health,,,,,,,,,,,,,,,,,,,,,,,,,,,,,,,,,,,,,,,,,,,,,,,,
,,,https://www.dundee.ac.uk/postgraduate/quality-improvement-patient-safety-pgdip,,,,,,,,,,,,,,,,,,,,,,,,,,,,,,,,,,,,,,,,,,,,,,,,
,,,https://www.dundee.ac.uk/postgraduate/records-management-digital-preservation,,,,,,,,,,,,,,,,,,,,,,,,,,,,,,,,,,,,,,,,,,,,,,,,
,,,https://www.dundee.ac.uk/postgraduate/public-health-part-time,,,,,,,,,,,,,,,,,,,,,,,,,,,,,,,,,,,,,,,,,,,,,,,,
,,,https://www.dundee.ac.uk/postgraduate/public-health-palliative-care-research,,,,,,,,,,,,,,,,,,,,,,,,,,,,,,,,,,,,,,,,,,,,,,,,
,,,https://www.dundee.ac.uk/postgraduate/public-health-palliative-care-research-part-time,,,,,,,,,,,,,,,,,,,,,,,,,,,,,,,,,,,,,,,,,,,,,,,,
,,,https://www.dundee.ac.uk/postgraduate/psychology-language,,,,,,,,,,,,,,,,,,,,,,,,,,,,,,,,,,,,,,,,,,,,,,,,
,,,https://www.dundee.ac.uk/postgraduate/psychology-conversion-part-time,,,,,,,,,,,,,,,,,,,,,,,,,,,,,,,,,,,,,,,,,,,,,,,,
,,,https://www.dundee.ac.uk/postgraduate/psychology-conversion,,,,,,,,,,,,,,,,,,,,,,,,,,,,,,,,,,,,,,,,,,,,,,,,
,,,https://www.dundee.ac.uk/postgraduate/psychological-therapy-primary-care,,,,,,,,,,,,,,,,,,,,,,,,,,,,,,,,,,,,,,,,,,,,,,,,
,,,https://www.dundee.ac.uk/postgraduate/psychological-research-methods,,,,,,,,,,,,,,,,,,,,,,,,,,,,,,,,,,,,,,,,,,,,,,,,
,,,https://www.dundee.ac.uk/postgraduate/professional-legal-practice,,,,,,,,,,,,,,,,,,,,,,,,,,,,,,,,,,,,,,,,,,,,,,,,
,,,https://www.dundee.ac.uk/postgraduate/prosthodontics,,,,,,,,,,,,,,,,,,,,,,,,,,,,,,,,,,,,,,,,,,,,,,,,
,,,https://www.dundee.ac.uk/postgraduate/professional-accountancy,,,,,,,,,,,,,,,,,,,,,,,,,,,,,,,,,,,,,,,,,,,,,,,,
,,,https://www.dundee.ac.uk/postgraduate/professional-legal-practice-part-time,,,,,,,,,,,,,,,,,,,,,,,,,,,,,,,,,,,,,,,,,,,,,,,,
,,,https://www.dundee.ac.uk/postgraduate/philosophy-literature,,,,,,,,,,,,,,,,,,,,,,,,,,,,,,,,,,,,,,,,,,,,,,,,
,,,https://www.dundee.ac.uk/postgraduate/philosophy,,,,,,,,,,,,,,,,,,,,,,,,,,,,,,,,,,,,,,,,,,,,,,,,
,,,https://www.dundee.ac.uk/postgraduate/product-design,,,,,,,,,,,,,,,,,,,,,,,,,,,,,,,,,,,,,,,,,,,,,,,,
,,,https://www.dundee.ac.uk/postgraduate/orthopaedic-rehabilitation-technology,,,,,,,,,,,,,,,,,,,,,,,,,,,,,,,,,,,,,,,,,,,,,,,,
,,,https://www.dundee.ac.uk/postgraduate/orthopaedic-surgery,,,,,,,,,,,,,,,,,,,,,,,,,,,,,,,,,,,,,,,,,,,,,,,,
,,,https://www.dundee.ac.uk/postgraduate/orthopaedic-science-distance,,,,,,,,,,,,,,,,,,,,,,,,,,,,,,,,,,,,,,,,,,,,,,,,
,,,https://www.dundee.ac.uk/postgraduate/orthopaedic-science,,,,,,,,,,,,,,,,,,,,,,,,,,,,,,,,,,,,,,,,,,,,,,,,
,,,https://www.dundee.ac.uk/postgraduate/nursing-pgcert,,,,,,,,,,,,,,,,,,,,,,,,,,,,,,,,,,,,,,,,,,,,,,,,
,,,https://www.dundee.ac.uk/postgraduate/orthopaedic-rehabilitation-technology-distance,,,,,,,,,,,,,,,,,,,,,,,,,,,,,,,,,,,,,,,,,,,,,,,,
,,,https://www.dundee.ac.uk/postgraduate/nursing-pgdip,,,,,,,,,,,,,,,,,,,,,,,,,,,,,,,,,,,,,,,,,,,,,,,,
,,,https://www.dundee.ac.uk/postgraduate/nursing-msc,,,,,,,,,,,,,,,,,,,,,,,,,,,,,,,,,,,,,,,,,,,,,,,,
,,,https://www.dundee.ac.uk/postgraduate/nursing-health,,,,,,,,,,,,,,,,,,,,,,,,,,,,,,,,,,,,,,,,,,,,,,,,
,,,https://www.dundee.ac.uk/postgraduate/motion-analysis-distance,,,,,,,,,,,,,,,,,,,,,,,,,,,,,,,,,,,,,,,,,,,,,,,,
,,,https://www.dundee.ac.uk/postgraduate/international-energy-commerce-finance,,,,,,,,,,,,,,,,,,,,,,,,,,,,,,,,,,,,,,,,,,,,,,,,
,,,https://www.dundee.ac.uk/postgraduate/motion-analysis,,,,,,,,,,,,,,,,,,,,,,,,,,,,,,,,,,,,,,,,,,,,,,,,
,,,https://www.dundee.ac.uk/postgraduate/medical-imaging,,,,,,,,,,,,,,,,,,,,,,,,,,,,,,,,,,,,,,,,,,,,,,,,
,,,https://www.dundee.ac.uk/postgraduate/medical-education-pgcert,,,,,,,,,,,,,,,,,,,,,,,,,,,,,,,,,,,,,,,,,,,,,,,,
,,,https://www.dundee.ac.uk/postgraduate/medical-education-pgdip,,,,,,,,,,,,,,,,,,,,,,,,,,,,,,,,,,,,,,,,,,,,,,,,
,,,https://www.dundee.ac.uk/postgraduate/midwifery,,,,,,,,,,,,,,,,,,,,,,,,,,,,,,,,,,,,,,,,,,,,,,,,
,,,https://www.dundee.ac.uk/postgraduate/medical-education,,,,,,,,,,,,,,,,,,,,,,,,,,,,,,,,,,,,,,,,,,,,,,,,
,,,https://www.dundee.ac.uk/postgraduate/medical-education-simulation,,,,,,,,,,,,,,,,,,,,,,,,,,,,,,,,,,,,,,,,,,,,,,,,
,,,https://www.dundee.ac.uk/postgraduate/medical-education-part-time-distance-learning,,,,,,,,,,,,,,,,,,,,,,,,,,,,,,,,,,,,,,,,,,,,,,,,
,,,https://www.dundee.ac.uk/postgraduate/medical-education-radiology,,,,,,,,,,,,,,,,,,,,,,,,,,,,,,,,,,,,,,,,,,,,,,,,
,,,https://www.dundee.ac.uk/postgraduate/medical-education-general-practitioners,,,,,,,,,,,,,,,,,,,,,,,,,,,,,,,,,,,,,,,,,,,,,,,,
,,,https://www.dundee.ac.uk/postgraduate/medical-education-oncology,,,,,,,,,,,,,,,,,,,,,,,,,,,,,,,,,,,,,,,,,,,,,,,,
,,,https://www.dundee.ac.uk/postgraduate/medical-education-surgeons,,,,,,,,,,,,,,,,,,,,,,,,,,,,,,,,,,,,,,,,,,,,,,,,
,,,https://www.dundee.ac.uk/postgraduate/medical-education-anaesthetists,,,,,,,,,,,,,,,,,,,,,,,,,,,,,,,,,,,,,,,,,,,,,,,,
,,,https://www.dundee.ac.uk/postgraduate/management-strategy-leadership,,,,,,,,,,,,,,,,,,,,,,,,,,,,,,,,,,,,,,,,,,,,,,,,
,,,https://www.dundee.ac.uk/postgraduate/management,,,,,,,,,,,,,,,,,,,,,,,,,,,,,,,,,,,,,,,,,,,,,,,,
,,,https://www.dundee.ac.uk/postgraduate/management-finance,,,,,,,,,,,,,,,,,,,,,,,,,,,,,,,,,,,,,,,,,,,,,,,,
,,,https://www.dundee.ac.uk/postgraduate/management-entrepreneurship,,,,,,,,,,,,,,,,,,,,,,,,,,,,,,,,,,,,,,,,,,,,,,,,
,,,https://www.dundee.ac.uk/postgraduate/leadership-healthcare-pgdip,,,,,,,,,,,,,,,,,,,,,,,,,,,,,,,,,,,,,,,,,,,,,,,,
,,,https://www.dundee.ac.uk/postgraduate/leadership-healthcare-pgcert,,,,,,,,,,,,,,,,,,,,,,,,,,,,,,,,,,,,,,,,,,,,,,,,
,,,https://www.dundee.ac.uk/postgraduate/management-marketing,,,,,,,,,,,,,,,,,,,,,,,,,,,,,,,,,,,,,,,,,,,,,,,,
,,,https://www.dundee.ac.uk/postgraduate/management-international-human-resource-management,,,,,,,,,,,,,,,,,,,,,,,,,,,,,,,,,,,,,,,,,,,,,,,,
,,,https://www.dundee.ac.uk/postgraduate/leadership-healthcare,,,,,,,,,,,,,,,,,,,,,,,,,,,,,,,,,,,,,,,,,,,,,,,,
,,,https://www.dundee.ac.uk/postgraduate/law-general,,,,,,,,,,,,,,,,,,,,,,,,,,,,,,,,,,,,,,,,,,,,,,,,
,,,https://www.dundee.ac.uk/postgraduate/islamic-banking-finance,,,,,,,,,,,,,,,,,,,,,,,,,,,,,,,,,,,,,,,,,,,,,,,,
,,,https://www.dundee.ac.uk/postgraduate/islamic-banking-finance-international-business,,,,,,,,,,,,,,,,,,,,,,,,,,,,,,,,,,,,,,,,,,,,,,,,
,,,https://www.dundee.ac.uk/postgraduate/islamic-finance,,,,,,,,,,,,,,,,,,,,,,,,,,,,,,,,,,,,,,,,,,,,,,,,
,,,https://www.dundee.ac.uk/postgraduate/medical-art,,,,,,,,,,,,,,,,,,,,,,,,,,,,,,,,,,,,,,,,,,,,,,,,
,,,https://www.dundee.ac.uk/postgraduate/international-relations,,,,,,,,,,,,,,,,,,,,,,,,,,,,,,,,,,,,,,,,,,,,,,,,
,,,https://www.dundee.ac.uk/postgraduate/international-petroleum-taxation-finance-distance-learning,,,,,,,,,,,,,,,,,,,,,,,,,,,,,,,,,,,,,,,,,,,,,,,,
,,,https://www.dundee.ac.uk/postgraduate/international-oil-gas-management,,,,,,,,,,,,,,,,,,,,,,,,,,,,,,,,,,,,,,,,,,,,,,,,
,,,https://www.dundee.ac.uk/postgraduate/international-oil-gas-management-distance-learning,,,,,,,,,,,,,,,,,,,,,,,,,,,,,,,,,,,,,,,,,,,,,,,,
,,,https://www.dundee.ac.uk/postgraduate/international-oil-gas-law-policy-distance-learning,,,,,,,,,,,,,,,,,,,,,,,,,,,,,,,,,,,,,,,,,,,,,,,,
,,,https://www.dundee.ac.uk/postgraduate/international-oil-gas-law-policy,,,,,,,,,,,,,,,,,,,,,,,,,,,,,,,,,,,,,,,,,,,,,,,,
,,,https://www.dundee.ac.uk/postgraduate/international-mineral-law-policy,,,,,,,,,,,,,,,,,,,,,,,,,,,,,,,,,,,,,,,,,,,,,,,,
,,,https://www.dundee.ac.uk/postgraduate/international-natural-resources-law-policy-distance-learning,,,,,,,,,,,,,,,,,,,,,,,,,,,,,,,,,,,,,,,,,,,,,,,,
,,,https://www.dundee.ac.uk/postgraduate/international-mineral-resources-management,,,,,,,,,,,,,,,,,,,,,,,,,,,,,,,,,,,,,,,,,,,,,,,,
,,,https://www.dundee.ac.uk/postgraduate/international-marketing-finance,,,,,,,,,,,,,,,,,,,,,,,,,,,,,,,,,,,,,,,,,,,,,,,,
,,,https://www.dundee.ac.uk/postgraduate/international-mineral-resources-management-distance-learning,,,,,,,,,,,,,,,,,,,,,,,,,,,,,,,,,,,,,,,,,,,,,,,,
,,,https://www.dundee.ac.uk/postgraduate/international-marketing,,,,,,,,,,,,,,,,,,,,,,,,,,,,,,,,,,,,,,,,,,,,,,,,
,,,https://www.dundee.ac.uk/postgraduate/international-marketing-branding,,,,,,,,,,,,,,,,,,,,,,,,,,,,,,,,,,,,,,,,,,,,,,,,
,,,https://www.dundee.ac.uk/postgraduate/international-marketing-management,,,,,,,,,,,,,,,,,,,,,,,,,,,,,,,,,,,,,,,,,,,,,,,,
,,,https://www.dundee.ac.uk/postgraduate/international-finance-risk-regulation,,,,,,,,,,,,,,,,,,,,,,,,,,,,,,,,,,,,,,,,,,,,,,,,
,,,https://www.dundee.ac.uk/postgraduate/international-energy-studies-environment-distance-learning,,,,,,,,,,,,,,,,,,,,,,,,,,,,,,,,,,,,,,,,,,,,,,,,
,,,https://www.dundee.ac.uk/postgraduate/international-finance,,,,,,,,,,,,,,,,,,,,,,,,,,,,,,,,,,,,,,,,,,,,,,,,
,,,https://www.dundee.ac.uk/postgraduate/international-finance-investment-management,,,,,,,,,,,,,,,,,,,,,,,,,,,,,,,,,,,,,,,,,,,,,,,,
,,,https://www.dundee.ac.uk/postgraduate/international-energy-law-policy,,,,,,,,,,,,,,,,,,,,,,,,,,,,,,,,,,,,,,,,,,,,,,,,
,,,https://www.dundee.ac.uk/postgraduate/international-energy-studies-energy-finance,,,,,,,,,,,,,,,,,,,,,,,,,,,,,,,,,,,,,,,,,,,,,,,,
,,,https://www.dundee.ac.uk/postgraduate/international-energy-studies-oil-gas-economics,,,,,,,,,,,,,,,,,,,,,,,,,,,,,,,,,,,,,,,,,,,,,,,,
,,,https://www.dundee.ac.uk/postgraduate/international-energy-dispute-resolution-avoidance,,,,,,,,,,,,,,,,,,,,,,,,,,,,,,,,,,,,,,,,,,,,,,,,
,,,https://www.dundee.ac.uk/postgraduate/international-energy-commerce,,,,,,,,,,,,,,,,,,,,,,,,,,,,,,,,,,,,,,,,,,,,,,,,
,,,https://www.dundee.ac.uk/postgraduate/international-energy-studies-energy-economics,,,,,,,,,,,,,,,,,,,,,,,,,,,,,,,,,,,,,,,,,,,,,,,,
,,,https://www.dundee.ac.uk/postgraduate/international-commercial-law-dual-qualifying,,,,,,,,,,,,,,,,,,,,,,,,,,,,,,,,,,,,,,,,,,,,,,,,
,,,https://www.dundee.ac.uk/postgraduate/international-business-strategy,,,,,,,,,,,,,,,,,,,,,,,,,,,,,,,,,,,,,,,,,,,,,,,,
,,,https://www.dundee.ac.uk/postgraduate/international-business-accounting-finance,,,,,,,,,,,,,,,,,,,,,,,,,,,,,,,,,,,,,,,,,,,,,,,,
,,,https://www.dundee.ac.uk/postgraduate/international-energy-law-policy-distance-learning,,,,,,,,,,,,,,,,,,,,,,,,,,,,,,,,,,,,,,,,,,,,,,,,
,,,https://www.dundee.ac.uk/postgraduate/international-business-management,,,,,,,,,,,,,,,,,,,,,,,,,,,,,,,,,,,,,,,,,,,,,,,,
,,,https://www.dundee.ac.uk/postgraduate/international-commercial-law,,,,,,,,,,,,,,,,,,,,,,,,,,,,,,,,,,,,,,,,,,,,,,,,
,,,https://www.dundee.ac.uk/postgraduate/international-business-marketing-human-resource-management,,,,,,,,,,,,,,,,,,,,,,,,,,,,,,,,,,,,,,,,,,,,,,,,
,,,https://www.dundee.ac.uk/postgraduate/international-business-banking-finance,,,,,,,,,,,,,,,,,,,,,,,,,,,,,,,,,,,,,,,,,,,,,,,,
,,,https://www.dundee.ac.uk/postgraduate/international-business,,,,,,,,,,,,,,,,,,,,,,,,,,,,,,,,,,,,,,,,,,,,,,,,
,,,https://www.dundee.ac.uk/postgraduate/international-business-marketing,,,,,,,,,,,,,,,,,,,,,,,,,,,,,,,,,,,,,,,,,,,,,,,,
,,,https://www.dundee.ac.uk/postgraduate/international-business-islamic-finance,,,,,,,,,,,,,,,,,,,,,,,,,,,,,,,,,,,,,,,,,,,,,,,,
,,,https://www.dundee.ac.uk/postgraduate/international-business-investment,,,,,,,,,,,,,,,,,,,,,,,,,,,,,,,,,,,,,,,,,,,,,,,,
,,,https://www.dundee.ac.uk/postgraduate/international-business-finance,,,,,,,,,,,,,,,,,,,,,,,,,,,,,,,,,,,,,,,,,,,,,,,,
,,,https://www.dundee.ac.uk/postgraduate/international-business-human-resource-management,,,,,,,,,,,,,,,,,,,,,,,,,,,,,,,,,,,,,,,,,,,,,,,,
,,,https://www.dundee.ac.uk/postgraduate/international-banking-finance,,,,,,,,,,,,,,,,,,,,,,,,,,,,,,,,,,,,,,,,,,,,,,,,
,,,https://www.dundee.ac.uk/postgraduate/international-business-entrepreneurship,,,,,,,,,,,,,,,,,,,,,,,,,,,,,,,,,,,,,,,,,,,,,,,,
,,,https://www.dundee.ac.uk/postgraduate/international-banking-finance-risk-regulation,,,,,,,,,,,,,,,,,,,,,,,,,,,,,,,,,,,,,,,,,,,,,,,,
,,,https://www.dundee.ac.uk/postgraduate/international-banking-finance-investment-management,,,,,,,,,,,,,,,,,,,,,,,,,,,,,,,,,,,,,,,,,,,,,,,,
,,,https://www.dundee.ac.uk/postgraduate/international-banking,,,,,,,,,,,,,,,,,,,,,,,,,,,,,,,,,,,,,,,,,,,,,,,,
,,,https://www.dundee.ac.uk/postgraduate/international-european-electricity-markets,,,,,,,,,,,,,,,,,,,,,,,,,,,,,,,,,,,,,,,,,,,,,,,,
,,,https://www.dundee.ac.uk/postgraduate/information-technology-international-business,,,,,,,,,,,,,,,,,,,,,,,,,,,,,,,,,,,,,,,,,,,,,,,,
,,,https://www.dundee.ac.uk/postgraduate/international-accounting,,,,,,,,,,,,,,,,,,,,,,,,,,,,,,,,,,,,,,,,,,,,,,,,
,,,https://www.dundee.ac.uk/postgraduate/humanities,,,,,,,,,,,,,,,,,,,,,,,,,,,,,,,,,,,,,,,,,,,,,,,,
,,,https://www.dundee.ac.uk/postgraduate/infection-prevention-control-pgcert,,,,,,,,,,,,,,,,,,,,,,,,,,,,,,,,,,,,,,,,,,,,,,,,
,,,https://www.dundee.ac.uk/postgraduate/infection-prevention-control-pgdip,,,,,,,,,,,,,,,,,,,,,,,,,,,,,,,,,,,,,,,,,,,,,,,,
,,,https://www.dundee.ac.uk/postgraduate/infection-prevention-control,,,,,,,,,,,,,,,,,,,,,,,,,,,,,,,,,,,,,,,,,,,,,,,,
,,,https://www.dundee.ac.uk/postgraduate/infection-prevention-control-msc,,,,,,,,,,,,,,,,,,,,,,,,,,,,,,,,,,,,,,,,,,,,,,,,
,,,https://www.dundee.ac.uk/postgraduate/industrial-engineering-international-finance,,,,,,,,,,,,,,,,,,,,,,,,,,,,,,,,,,,,,,,,,,,,,,,,
,,,https://www.dundee.ac.uk/postgraduate/industrial-engineering-management,,,,,,,,,,,,,,,,,,,,,,,,,,,,,,,,,,,,,,,,,,,,,,,,
,,,https://www.dundee.ac.uk/postgraduate/individual-humanities-module,,,,,,,,,,,,,,,,,,,,,,,,,,,,,,,,,,,,,,,,,,,,,,,,
,,,https://www.dundee.ac.uk/postgraduate/human-rights-conflict,,,,,,,,,,,,,,,,,,,,,,,,,,,,,,,,,,,,,,,,,,,,,,,,
,,,https://www.dundee.ac.uk/postgraduate/human-clinical-embryology-assisted-conception,,,,,,,,,,,,,,,,,,,,,,,,,,,,,,,,,,,,,,,,,,,,,,,,
,,,https://www.dundee.ac.uk/postgraduate/health-studies,,,,,,,,,,,,,,,,,,,,,,,,,,,,,,,,,,,,,,,,,,,,,,,,
,,,https://www.dundee.ac.uk/postgraduate/history-mlitt,,,,,,,,,,,,,,,,,,,,,,,,,,,,,,,,,,,,,,,,,,,,,,,,
,,,https://www.dundee.ac.uk/postgraduate/human-anatomy,,,,,,,,,,,,,,,,,,,,,,,,,,,,,,,,,,,,,,,,,,,,,,,,
,,,https://www.dundee.ac.uk/postgraduate/healthcare-law-ethics,,,,,,,,,,,,,,,,,,,,,,,,,,,,,,,,,,,,,,,,,,,,,,,,
,,,https://www.dundee.ac.uk/postgraduate/history-mlitt-part-time,,,,,,,,,,,,,,,,,,,,,,,,,,,,,,,,,,,,,,,,,,,,,,,,
,,,https://www.dundee.ac.uk/postgraduate/health-studies-pgdip,,,,,,,,,,,,,,,,,,,,,,,,,,,,,,,,,,,,,,,,,,,,,,,,
,,,https://www.dundee.ac.uk/postgraduate/health-studies-pgcert,,,,,,,,,,,,,,,,,,,,,,,,,,,,,,,,,,,,,,,,,,,,,,,,
,,,https://www.dundee.ac.uk/postgraduate/french,,,,,,,,,,,,,,,,,,,,,,,,,,,,,,,,,,,,,,,,,,,,,,,,
,,,https://www.dundee.ac.uk/postgraduate/health-data-science-applied-precision-medicine,,,,,,,,,,,,,,,,,,,,,,,,,,,,,,,,,,,,,,,,,,,,,,,,
,,,https://www.dundee.ac.uk/postgraduate/graduate-career-professional-development,,,,,,,,,,,,,,,,,,,,,,,,,,,,,,,,,,,,,,,,,,,,,,,,
,,,https://www.dundee.ac.uk/postgraduate/german,,,,,,,,,,,,,,,,,,,,,,,,,,,,,,,,,,,,,,,,,,,,,,,,
,,,https://www.dundee.ac.uk/postgraduate/forensic-odontology,,,,,,,,,,,,,,,,,,,,,,,,,,,,,,,,,,,,,,,,,,,,,,,,
,,,https://www.dundee.ac.uk/postgraduate/forensic-dentistry,,,,,,,,,,,,,,,,,,,,,,,,,,,,,,,,,,,,,,,,,,,,,,,,
,,,https://www.dundee.ac.uk/postgraduate/finance-risk,,,,,,,,,,,,,,,,,,,,,,,,,,,,,,,,,,,,,,,,,,,,,,,,
,,,https://www.dundee.ac.uk/postgraduate/finance-investment,,,,,,,,,,,,,,,,,,,,,,,,,,,,,,,,,,,,,,,,,,,,,,,,
,,,https://www.dundee.ac.uk/postgraduate/forensic-archaeology-anthropology,,,,,,,,,,,,,,,,,,,,,,,,,,,,,,,,,,,,,,,,,,,,,,,,
,,,https://www.dundee.ac.uk/postgraduate/finance-banking,,,,,,,,,,,,,,,,,,,,,,,,,,,,,,,,,,,,,,,,,,,,,,,,
,,,https://www.dundee.ac.uk/postgraduate/forensic-anthropology,,,,,,,,,,,,,,,,,,,,,,,,,,,,,,,,,,,,,,,,,,,,,,,,
,,,https://www.dundee.ac.uk/postgraduate/environmental-law,,,,,,,,,,,,,,,,,,,,,,,,,,,,,,,,,,,,,,,,,,,,,,,,
,,,https://www.dundee.ac.uk/postgraduate/film-studies,,,,,,,,,,,,,,,,,,,,,,,,,,,,,,,,,,,,,,,,,,,,,,,,
,,,https://www.dundee.ac.uk/postgraduate/finance,,,,,,,,,,,,,,,,,,,,,,,,,,,,,,,,,,,,,,,,,,,,,,,,
,,,https://www.dundee.ac.uk/postgraduate/forensic-art-facial-imaging,,,,,,,,,,,,,,,,,,,,,,,,,,,,,,,,,,,,,,,,,,,,,,,,
,,,https://www.dundee.ac.uk/postgraduate/english-studies,,,,,,,,,,,,,,,,,,,,,,,,,,,,,,,,,,,,,,,,,,,,,,,,
,,,https://www.dundee.ac.uk/postgraduate/family-local-history-pgdip,,,,,,,,,,,,,,,,,,,,,,,,,,,,,,,,,,,,,,,,,,,,,,,,
,,,https://www.dundee.ac.uk/postgraduate/family-local-history-pgcert,,,,,,,,,,,,,,,,,,,,,,,,,,,,,,,,,,,,,,,,,,,,,,,,
,,,https://www.dundee.ac.uk/postgraduate/family-local-history,,,,,,,,,,,,,,,,,,,,,,,,,,,,,,,,,,,,,,,,,,,,,,,,
,,,https://www.dundee.ac.uk/postgraduate/english-studies-part-time,,,,,,,,,,,,,,,,,,,,,,,,,,,,,,,,,,,,,,,,,,,,,,,,
,,,https://www.dundee.ac.uk/postgraduate/endodontics,,,,,,,,,,,,,,,,,,,,,,,,,,,,,,,,,,,,,,,,,,,,,,,,
,,,https://www.dundee.ac.uk/postgraduate/energy-finance-china-university-petroleum-beijing,,,,,,,,,,,,,,,,,,,,,,,,,,,,,,,,,,,,,,,,,,,,,,,,
,,,https://www.dundee.ac.uk/postgraduate/educational-psychology,,,,,,,,,,,,,,,,,,,,,,,,,,,,,,,,,,,,,,,,,,,,,,,,
,,,https://www.dundee.ac.uk/postgraduate/education-nursery-early-education,,,,,,,,,,,,,,,,,,,,,,,,,,,,,,,,,,,,,,,,,,,,,,,,
,,,https://www.dundee.ac.uk/postgraduate/education-leading-learning-teaching,,,,,,,,,,,,,,,,,,,,,,,,,,,,,,,,,,,,,,,,,,,,,,,,
,,,https://www.dundee.ac.uk/postgraduate/educational-assistive-technology-part-time,,,,,,,,,,,,,,,,,,,,,,,,,,,,,,,,,,,,,,,,,,,,,,,,
,,,https://www.dundee.ac.uk/postgraduate/educational-assistive-technology,,,,,,,,,,,,,,,,,,,,,,,,,,,,,,,,,,,,,,,,,,,,,,,,
,,,https://www.dundee.ac.uk/postgraduate/education-international-education,,,,,,,,,,,,,,,,,,,,,,,,,,,,,,,,,,,,,,,,,,,,,,,,
,,,https://www.dundee.ac.uk/postgraduate/education-leading-learning-teaching-part-time,,,,,,,,,,,,,,,,,,,,,,,,,,,,,,,,,,,,,,,,,,,,,,,,
,,,https://www.dundee.ac.uk/postgraduate/education-educational-leadership,,,,,,,,,,,,,,,,,,,,,,,,,,,,,,,,,,,,,,,,,,,,,,,,
,,,https://www.dundee.ac.uk/postgraduate/education-inclusive-education,,,,,,,,,,,,,,,,,,,,,,,,,,,,,,,,,,,,,,,,,,,,,,,,
,,,https://www.dundee.ac.uk/postgraduate/digital-recordkeeping,,,,,,,,,,,,,,,,,,,,,,,,,,,,,,,,,,,,,,,,,,,,,,,,
,,,https://www.dundee.ac.uk/postgraduate/design-healthcare,,,,,,,,,,,,,,,,,,,,,,,,,,,,,,,,,,,,,,,,,,,,,,,,
,,,https://www.dundee.ac.uk/postgraduate/developmental-psychology,,,,,,,,,,,,,,,,,,,,,,,,,,,,,,,,,,,,,,,,,,,,,,,,
,,,https://www.dundee.ac.uk/postgraduate/design-healthcare-part-time,,,,,,,,,,,,,,,,,,,,,,,,,,,,,,,,,,,,,,,,,,,,,,,,
,,,https://www.dundee.ac.uk/postgraduate/digital-social-media-marketing,,,,,,,,,,,,,,,,,,,,,,,,,,,,,,,,,,,,,,,,,,,,,,,,
,,,https://www.dundee.ac.uk/postgraduate/dental-education,,,,,,,,,,,,,,,,,,,,,,,,,,,,,,,,,,,,,,,,,,,,,,,,
,,,https://www.dundee.ac.uk/postgraduate/design-business,,,,,,,,,,,,,,,,,,,,,,,,,,,,,,,,,,,,,,,,,,,,,,,,
,,,https://www.dundee.ac.uk/postgraduate/dental-public-health,,,,,,,,,,,,,,,,,,,,,,,,,,,,,,,,,,,,,,,,,,,,,,,,
,,,https://www.dundee.ac.uk/postgraduate/data-science-pgcert,,,,,,,,,,,,,,,,,,,,,,,,,,,,,,,,,,,,,,,,,,,,,,,,
,,,https://www.dundee.ac.uk/postgraduate/data-science-engineering,,,,,,,,,,,,,,,,,,,,,,,,,,,,,,,,,,,,,,,,,,,,,,,,
,,,https://www.dundee.ac.uk/postgraduate/data-science,,,,,,,,,,,,,,,,,,,,,,,,,,,,,,,,,,,,,,,,,,,,,,,,
,,,https://www.dundee.ac.uk/postgraduate/data-science-module,,,,,,,,,,,,,,,,,,,,,,,,,,,,,,,,,,,,,,,,,,,,,,,,
,,,https://www.dundee.ac.uk/postgraduate/data-science-part-time,,,,,,,,,,,,,,,,,,,,,,,,,,,,,,,,,,,,,,,,,,,,,,,,
,,,https://www.dundee.ac.uk/postgraduate/crime-writing-forensic-investigation-part-time,,,,,,,,,,,,,,,,,,,,,,,,,,,,,,,,,,,,,,,,,,,,,,,,
,,,https://www.dundee.ac.uk/postgraduate/crime-writing-forensic-investigation,,,,,,,,,,,,,,,,,,,,,,,,,,,,,,,,,,,,,,,,,,,,,,,,
,,,https://www.dundee.ac.uk/postgraduate/creative-writing-practice-study,,,,,,,,,,,,,,,,,,,,,,,,,,,,,,,,,,,,,,,,,,,,,,,,
,,,https://www.dundee.ac.uk/postgraduate/creative-writing-practice-study-part-time,,,,,,,,,,,,,,,,,,,,,,,,,,,,,,,,,,,,,,,,,,,,,,,,
,,,https://www.dundee.ac.uk/postgraduate/computing-international-business,,,,,,,,,,,,,,,,,,,,,,,,,,,,,,,,,,,,,,,,,,,,,,,,
,,,https://www.dundee.ac.uk/postgraduate/corporate-commercial-law,,,,,,,,,,,,,,,,,,,,,,,,,,,,,,,,,,,,,,,,,,,,,,,,
,,,https://www.dundee.ac.uk/postgraduate/computing,,,,,,,,,,,,,,,,,,,,,,,,,,,,,,,,,,,,,,,,,,,,,,,,
,,,https://www.dundee.ac.uk/postgraduate/comparative-european-private-international-law,,,,,,,,,,,,,,,,,,,,,,,,,,,,,,,,,,,,,,,,,,,,,,,,
,,,https://www.dundee.ac.uk/postgraduate/comparative-european-private-international-law-dual-qualifying,,,,,,,,,,,,,,,,,,,,,,,,,,,,,,,,,,,,,,,,,,,,,,,,
,,,https://www.dundee.ac.uk/postgraduate/community-education-cpd,,,,,,,,,,,,,,,,,,,,,,,,,,,,,,,,,,,,,,,,,,,,,,,,
,,,https://www.dundee.ac.uk/postgraduate/community-education-cld-accredited,,,,,,,,,,,,,,,,,,,,,,,,,,,,,,,,,,,,,,,,,,,,,,,,
,,,https://www.dundee.ac.uk/postgraduate/clinical-audit-research-healthcare-professionals,,,,,,,,,,,,,,,,,,,,,,,,,,,,,,,,,,,,,,,,,,,,,,,,
,,,https://www.dundee.ac.uk/postgraduate/comics-graphic-novels-mlitt,,,,,,,,,,,,,,,,,,,,,,,,,,,,,,,,,,,,,,,,,,,,,,,,
,,,https://www.dundee.ac.uk/postgraduate/comics-graphic-novels-mdes,,,,,,,,,,,,,,,,,,,,,,,,,,,,,,,,,,,,,,,,,,,,,,,,
,,,https://www.dundee.ac.uk/postgraduate/biomedical-engineering,,,,,,,,,,,,,,,,,,,,,,,,,,,,,,,,,,,,,,,,,,,,,,,,
,,,https://www.dundee.ac.uk/postgraduate/business-human-rights,,,,,,,,,,,,,,,,,,,,,,,,,,,,,,,,,,,,,,,,,,,,,,,,
,,,https://www.dundee.ac.uk/postgraduate/civil-engineering,,,,,,,,,,,,,,,,,,,,,,,,,,,,,,,,,,,,,,,,,,,,,,,,
,,,https://www.dundee.ac.uk/postgraduate/biomedical-molecular-sciences-management,,,,,,,,,,,,,,,,,,,,,,,,,,,,,,,,,,,,,,,,,,,,,,,,
,,,https://www.dundee.ac.uk/postgraduate/biomedical-molecular-sciences-marketing,,,,,,,,,,,,,,,,,,,,,,,,,,,,,,,,,,,,,,,,,,,,,,,,
,,,https://www.dundee.ac.uk/postgraduate/biomedical-molecular-sciences-entrepreneurship,,,,,,,,,,,,,,,,,,,,,,,,,,,,,,,,,,,,,,,,,,,,,,,,
,,,https://www.dundee.ac.uk/postgraduate/augmentative-alternative-communication,,,,,,,,,,,,,,,,,,,,,,,,,,,,,,,,,,,,,,,,,,,,,,,,
,,,https://www.dundee.ac.uk/postgraduate/art-science-visual-thinking,,,,,,,,,,,,,,,,,,,,,,,,,,,,,,,,,,,,,,,,,,,,,,,,
,,,https://www.dundee.ac.uk/postgraduate/biomedical-molecular-sciences,,,,,,,,,,,,,,,,,,,,,,,,,,,,,,,,,,,,,,,,,,,,,,,,
,,,https://www.dundee.ac.uk/postgraduate/biomedical-molecular-sciences-business,,,,,,,,,,,,,,,,,,,,,,,,,,,,,,,,,,,,,,,,,,,,,,,,
,,,https://www.dundee.ac.uk/postgraduate/augmentative-alternative-communication-part-time,,,,,,,,,,,,,,,,,,,,,,,,,,,,,,,,,,,,,,,,,,,,,,,,
,,,https://www.dundee.ac.uk/postgraduate/archives-records-management-pgdip,,,,,,,,,,,,,,,,,,,,,,,,,,,,,,,,,,,,,,,,,,,,,,,,
,,,https://www.dundee.ac.uk/postgraduate/art-humanities,,,,,,,,,,,,,,,,,,,,,,,,,,,,,,,,,,,,,,,,,,,,,,,,
,,,https://www.dundee.ac.uk/postgraduate/archives-records-management-pgcert,,,,,,,,,,,,,,,,,,,,,,,,,,,,,,,,,,,,,,,,,,,,,,,,
,,,https://www.dundee.ac.uk/postgraduate/archives-records-management,,,,,,,,,,,,,,,,,,,,,,,,,,,,,,,,,,,,,,,,,,,,,,,,
,,,https://www.dundee.ac.uk/postgraduate/applied-mathematics,,,,,,,,,,,,,,,,,,,,,,,,,,,,,,,,,,,,,,,,,,,,,,,,
,,,https://www.dundee.ac.uk/postgraduate/applied-computing,,,,,,,,,,,,,,,,,,,,,,,,,,,,,,,,,,,,,,,,,,,,,,,,
,,,https://www.dundee.ac.uk/postgraduate/applied-neuroscience,,,,,,,,,,,,,,,,,,,,,,,,,,,,,,,,,,,,,,,,,,,,,,,,
,,,https://www.dundee.ac.uk/postgraduate/archival-studies,,,,,,,,,,,,,,,,,,,,,,,,,,,,,,,,,,,,,,,,,,,,,,,,
,,,https://www.dundee.ac.uk/postgraduate/anatomy-advanced-forensic-anthropology,,,,,,,,,,,,,,,,,,,,,,,,,,,,,,,,,,,,,,,,,,,,,,,,
,,,https://www.dundee.ac.uk/postgraduate/advanced-social-work-studies,,,,,,,,,,,,,,,,,,,,,,,,,,,,,,,,,,,,,,,,,,,,,,,,
,,,https://www.dundee.ac.uk/postgraduate/animation-vfx,,,,,,,,,,,,,,,,,,,,,,,,,,,,,,,,,,,,,,,,,,,,,,,,
,,,https://www.dundee.ac.uk/postgraduate/advanced-practice,,,,,,,,,,,,,,,,,,,,,,,,,,,,,,,,,,,,,,,,,,,,,,,,
,,,https://www.dundee.ac.uk/postgraduate/advanced-practice-pgcert,,,,,,,,,,,,,,,,,,,,,,,,,,,,,,,,,,,,,,,,,,,,,,,,
,,,https://www.dundee.ac.uk/postgraduate/advanced-practice-pgdip,,,,,,,,,,,,,,,,,,,,,,,,,,,,,,,,,,,,,,,,,,,,,,,,
,,,https://www.dundee.ac.uk/postgraduate/accounting-management-strategy,,,,,,,,,,,,,,,,,,,,,,,,,,,,,,,,,,,,,,,,,,,,,,,,
,,,https://www.dundee.ac.uk/postgraduate/accounting-finance,,,,,,,,,,,,,,,,,,,,,,,,,,,,,,,,,,,,,,,,,,,,,,,,
,,,https://www.dundee.ac.uk/postgraduate/accountancy,,,,,,,,,,,,,,,,,,,,,,,,,,,,,,,,,,,,,,,,,,,,,,,,
,,,https://www.dundee.ac.uk/postgraduate/academic-practice-higher-education,,,,,,,,,,,,,,,,,,,,,,,,,,,,,,,,,,,,,,,,,,,,,,,,
,,,https://www.dundee.ac.uk/undergraduate/secondary-education-physics,,,,,,,,,,,,,,,,,,,,,,,,,,,,,,,,,,,,,,,,,,,,,,,,
,,,https://www.dundee.ac.uk/undergraduate/structural-engineering-architecture,,,,,,,,,,,,,,,,,,,,,,,,,,,,,,,,,,,,,,,,,,,,,,,,
,,,https://www.dundee.ac.uk/undergraduate/social-work,,,,,,,,,,,,,,,,,,,,,,,,,,,,,,,,,,,,,,,,,,,,,,,,
,,,https://www.dundee.ac.uk/undergraduate/textile-design,,,,,,,,,,,,,,,,,,,,,,,,,,,,,,,,,,,,,,,,,,,,,,,,
,,,https://www.dundee.ac.uk/undergraduate/secondary-education-mathematics,,,,,,,,,,,,,,,,,,,,,,,,,,,,,,,,,,,,,,,,,,,,,,,,
,,,https://www.dundee.ac.uk/undergraduate/secondary-education-home-economics,,,,,,,,,,,,,,,,,,,,,,,,,,,,,,,,,,,,,,,,,,,,,,,,
,,,https://www.dundee.ac.uk/undergraduate/urban-planning,,,,,,,,,,,,,,,,,,,,,,,,,,,,,,,,,,,,,,,,,,,,,,,,
,,,https://www.dundee.ac.uk/undergraduate/secondary-education-english,,,,,,,,,,,,,,,,,,,,,,,,,,,,,,,,,,,,,,,,,,,,,,,,
,,,https://www.dundee.ac.uk/undergraduate/scottish-historial-studies-spanish,,,,,,,,,,,,,,,,,,,,,,,,,,,,,,,,,,,,,,,,,,,,,,,,
,,,https://www.dundee.ac.uk/undergraduate/secondary-education-dual-qualification,,,,,,,,,,,,,,,,,,,,,,,,,,,,,,,,,,,,,,,,,,,,,,,,
,,,https://www.dundee.ac.uk/undergraduate/secondary-education-chemistry,,,,,,,,,,,,,,,,,,,,,,,,,,,,,,,,,,,,,,,,,,,,,,,,
,,,https://www.dundee.ac.uk/undergraduate/scottish-historial-studies-french,,,,,,,,,,,,,,,,,,,,,,,,,,,,,,,,,,,,,,,,,,,,,,,,
,,,https://www.dundee.ac.uk/undergraduate/psychology-spanish-bsc,,,,,,,,,,,,,,,,,,,,,,,,,,,,,,,,,,,,,,,,,,,,,,,,
,,,https://www.dundee.ac.uk/undergraduate/scottish-historical-studies,,,,,,,,,,,,,,,,,,,,,,,,,,,,,,,,,,,,,,,,,,,,,,,,
,,,https://www.dundee.ac.uk/undergraduate/scotgem,,,,,,,,,,,,,,,,,,,,,,,,,,,,,,,,,,,,,,,,,,,,,,,,
,,,https://www.dundee.ac.uk/undergraduate/psychology-spanish-ma,,,,,,,,,,,,,,,,,,,,,,,,,,,,,,,,,,,,,,,,,,,,,,,,
,,,https://www.dundee.ac.uk/undergraduate/psychology-french-bsc,,,,,,,,,,,,,,,,,,,,,,,,,,,,,,,,,,,,,,,,,,,,,,,,
,,,https://www.dundee.ac.uk/undergraduate/psychology-french-ma,,,,,,,,,,,,,,,,,,,,,,,,,,,,,,,,,,,,,,,,,,,,,,,,
,,,https://www.dundee.ac.uk/undergraduate/professional-development-leadership-management,,,,,,,,,,,,,,,,,,,,,,,,,,,,,,,,,,,,,,,,,,,,,,,,
,,,https://www.dundee.ac.uk/undergraduate/primary-education,,,,,,,,,,,,,,,,,,,,,,,,,,,,,,,,,,,,,,,,,,,,,,,,
,,,https://www.dundee.ac.uk/undergraduate/psychology-ma,,,,,,,,,,,,,,,,,,,,,,,,,,,,,,,,,,,,,,,,,,,,,,,,
,,,https://www.dundee.ac.uk/undergraduate/psychology-bsc,,,,,,,,,,,,,,,,,,,,,,,,,,,,,,,,,,,,,,,,,,,,,,,,
,,,https://www.dundee.ac.uk/undergraduate/politics-french,,,,,,,,,,,,,,,,,,,,,,,,,,,,,,,,,,,,,,,,,,,,,,,,
,,,https://www.dundee.ac.uk/undergraduate/politics-spanish,,,,,,,,,,,,,,,,,,,,,,,,,,,,,,,,,,,,,,,,,,,,,,,,
,,,https://www.dundee.ac.uk/undergraduate/politics-european-languages,,,,,,,,,,,,,,,,,,,,,,,,,,,,,,,,,,,,,,,,,,,,,,,,
,,,https://www.dundee.ac.uk/undergraduate/politics-psychology,,,,,,,,,,,,,,,,,,,,,,,,,,,,,,,,,,,,,,,,,,,,,,,,
,,,https://www.dundee.ac.uk/undergraduate/product-design,,,,,,,,,,,,,,,,,,,,,,,,,,,,,,,,,,,,,,,,,,,,,,,,
,,,https://www.dundee.ac.uk/undergraduate/politics,,,,,,,,,,,,,,,,,,,,,,,,,,,,,,,,,,,,,,,,,,,,,,,,
,,,https://www.dundee.ac.uk/undergraduate/physiological-sciences,,,,,,,,,,,,,,,,,,,,,,,,,,,,,,,,,,,,,,,,,,,,,,,,
,,,https://www.dundee.ac.uk/undergraduate/philosophy-french,,,,,,,,,,,,,,,,,,,,,,,,,,,,,,,,,,,,,,,,,,,,,,,,
,,,https://www.dundee.ac.uk/undergraduate/physics-bsc,,,,,,,,,,,,,,,,,,,,,,,,,,,,,,,,,,,,,,,,,,,,,,,,
,,,https://www.dundee.ac.uk/undergraduate/physics-msci,,,,,,,,,,,,,,,,,,,,,,,,,,,,,,,,,,,,,,,,,,,,,,,,
,,,https://www.dundee.ac.uk/undergraduate/physics-renewable-energy-science-bsc,,,,,,,,,,,,,,,,,,,,,,,,,,,,,,,,,,,,,,,,,,,,,,,,
,,,https://www.dundee.ac.uk/undergraduate/philosophy-spanish,,,,,,,,,,,,,,,,,,,,,,,,,,,,,,,,,,,,,,,,,,,,,,,,
,,,https://www.dundee.ac.uk/undergraduate/physics-renewable-energy-science-msci,,,,,,,,,,,,,,,,,,,,,,,,,,,,,,,,,,,,,,,,,,,,,,,,
,,,https://www.dundee.ac.uk/undergraduate/philosophy,,,,,,,,,,,,,,,,,,,,,,,,,,,,,,,,,,,,,,,,,,,,,,,,
,,,https://www.dundee.ac.uk/undergraduate/philosophy-psychology,,,,,,,,,,,,,,,,,,,,,,,,,,,,,,,,,,,,,,,,,,,,,,,,
,,,https://www.dundee.ac.uk/undergraduate/philosophy-international-relations,,,,,,,,,,,,,,,,,,,,,,,,,,,,,,,,,,,,,,,,,,,,,,,,
,,,https://www.dundee.ac.uk/undergraduate/philosophy-politics,,,,,,,,,,,,,,,,,,,,,,,,,,,,,,,,,,,,,,,,,,,,,,,,
,,,https://www.dundee.ac.uk/undergraduate/part-time-ma,,,,,,,,,,,,,,,,,,,,,,,,,,,,,,,,,,,,,,,,,,,,,,,,
,,,https://www.dundee.ac.uk/undergraduate/neuroscience,,,,,,,,,,,,,,,,,,,,,,,,,,,,,,,,,,,,,,,,,,,,,,,,
,,,https://www.dundee.ac.uk/undergraduate/pharmacology,,,,,,,,,,,,,,,,,,,,,,,,,,,,,,,,,,,,,,,,,,,,,,,,
,,,https://www.dundee.ac.uk/undergraduate/philosophy-european-languages,,,,,,,,,,,,,,,,,,,,,,,,,,,,,,,,,,,,,,,,,,,,,,,,
,,,https://www.dundee.ac.uk/undergraduate/oral-health-sciences,,,,,,,,,,,,,,,,,,,,,,,,,,,,,,,,,,,,,,,,,,,,,,,,
,,,https://www.dundee.ac.uk/undergraduate/philosophy-film,,,,,,,,,,,,,,,,,,,,,,,,,,,,,,,,,,,,,,,,,,,,,,,,
,,,https://www.dundee.ac.uk/undergraduate/neuropharmacology-behaviour-bmsc,,,,,,,,,,,,,,,,,,,,,,,,,,,,,,,,,,,,,,,,,,,,,,,,
,,,https://www.dundee.ac.uk/undergraduate/molecular-genetics,,,,,,,,,,,,,,,,,,,,,,,,,,,,,,,,,,,,,,,,,,,,,,,,
,,,https://www.dundee.ac.uk/undergraduate/mental-health-nursing-msc,,,,,,,,,,,,,,,,,,,,,,,,,,,,,,,,,,,,,,,,,,,,,,,,
,,,https://www.dundee.ac.uk/undergraduate/mental-health-nursing-bsc,,,,,,,,,,,,,,,,,,,,,,,,,,,,,,,,,,,,,,,,,,,,,,,,
,,,https://www.dundee.ac.uk/undergraduate/microbiology,,,,,,,,,,,,,,,,,,,,,,,,,,,,,,,,,,,,,,,,,,,,,,,,
,,,https://www.dundee.ac.uk/undergraduate/molecular-biology,,,,,,,,,,,,,,,,,,,,,,,,,,,,,,,,,,,,,,,,,,,,,,,,
,,,https://www.dundee.ac.uk/undergraduate/mental-health-nursing-bsc-hons,,,,,,,,,,,,,,,,,,,,,,,,,,,,,,,,,,,,,,,,,,,,,,,,
,,,https://www.dundee.ac.uk/undergraduate/mental-health-nursing-msc-kirkcaldy,,,,,,,,,,,,,,,,,,,,,,,,,,,,,,,,,,,,,,,,,,,,,,,,
,,,https://www.dundee.ac.uk/undergraduate/mental-health-nursing-bsc-hons-kirkcaldy,,,,,,,,,,,,,,,,,,,,,,,,,,,,,,,,,,,,,,,,,,,,,,,,
,,,https://www.dundee.ac.uk/undergraduate/mental-health-nursing-bsc-kirkcaldy,,,,,,,,,,,,,,,,,,,,,,,,,,,,,,,,,,,,,,,,,,,,,,,,
,,,https://www.dundee.ac.uk/undergraduate/medicine,,,,,,,,,,,,,,,,,,,,,,,,,,,,,,,,,,,,,,,,,,,,,,,,
,,,https://www.dundee.ac.uk/undergraduate/medicine-gateway,,,,,,,,,,,,,,,,,,,,,,,,,,,,,,,,,,,,,,,,,,,,,,,,
,,,https://www.dundee.ac.uk/undergraduate/mechanical-engineering-renewables,,,,,,,,,,,,,,,,,,,,,,,,,,,,,,,,,,,,,,,,,,,,,,,,
,,,https://www.dundee.ac.uk/undergraduate/medical-education-bmsc,,,,,,,,,,,,,,,,,,,,,,,,,,,,,,,,,,,,,,,,,,,,,,,,
,,,https://www.dundee.ac.uk/undergraduate/mathematics-mmath,,,,,,,,,,,,,,,,,,,,,,,,,,,,,,,,,,,,,,,,,,,,,,,,
,,,https://www.dundee.ac.uk/undergraduate/mathematics-psychology,,,,,,,,,,,,,,,,,,,,,,,,,,,,,,,,,,,,,,,,,,,,,,,,
,,,https://www.dundee.ac.uk/undergraduate/mechanical-engineering,,,,,,,,,,,,,,,,,,,,,,,,,,,,,,,,,,,,,,,,,,,,,,,,
,,,https://www.dundee.ac.uk/undergraduate/mathematics-bsc,,,,,,,,,,,,,,,,,,,,,,,,,,,,,,,,,,,,,,,,,,,,,,,,
,,,https://www.dundee.ac.uk/undergraduate/mathematics-physics-msci,,,,,,,,,,,,,,,,,,,,,,,,,,,,,,,,,,,,,,,,,,,,,,,,
,,,https://www.dundee.ac.uk/undergraduate/mathematics-physics-bsc,,,,,,,,,,,,,,,,,,,,,,,,,,,,,,,,,,,,,,,,,,,,,,,,
,,,https://www.dundee.ac.uk/undergraduate/mathematics-financial-economics,,,,,,,,,,,,,,,,,,,,,,,,,,,,,,,,,,,,,,,,,,,,,,,,
,,,https://www.dundee.ac.uk/undergraduate/mathematics-economics,,,,,,,,,,,,,,,,,,,,,,,,,,,,,,,,,,,,,,,,,,,,,,,,
,,,https://www.dundee.ac.uk/undergraduate/life-sciences-dundee-angus-college,,,,,,,,,,,,,,,,,,,,,,,,,,,,,,,,,,,,,,,,,,,,,,,,
,,,https://www.dundee.ac.uk/undergraduate/mathematics-astrophysics,,,,,,,,,,,,,,,,,,,,,,,,,,,,,,,,,,,,,,,,,,,,,,,,
,,,https://www.dundee.ac.uk/undergraduate/liberal-arts,,,,,,,,,,,,,,,,,,,,,,,,,,,,,,,,,,,,,,,,,,,,,,,,
,,,https://www.dundee.ac.uk/undergraduate/mathematical-biology-bsc,,,,,,,,,,,,,,,,,,,,,,,,,,,,,,,,,,,,,,,,,,,,,,,,
,,,https://www.dundee.ac.uk/undergraduate/law-scots-spanish,,,,,,,,,,,,,,,,,,,,,,,,,,,,,,,,,,,,,,,,,,,,,,,,
,,,https://www.dundee.ac.uk/undergraduate/law-scots-french,,,,,,,,,,,,,,,,,,,,,,,,,,,,,,,,,,,,,,,,,,,,,,,,
,,,https://www.dundee.ac.uk/undergraduate/law-scots-energy-law,,,,,,,,,,,,,,,,,,,,,,,,,,,,,,,,,,,,,,,,,,,,,,,,
,,,https://www.dundee.ac.uk/undergraduate/law-scots,,,,,,,,,,,,,,,,,,,,,,,,,,,,,,,,,,,,,,,,,,,,,,,,
,,,https://www.dundee.ac.uk/undergraduate/law-scots-english-dual-qualifying-energy-law,,,,,,,,,,,,,,,,,,,,,,,,,,,,,,,,,,,,,,,,,,,,,,,,
,,,https://www.dundee.ac.uk/undergraduate/law-english-northern-irish-spanish,,,,,,,,,,,,,,,,,,,,,,,,,,,,,,,,,,,,,,,,,,,,,,,,
,,,https://www.dundee.ac.uk/undergraduate/law-scots-english-dual-qualifying,,,,,,,,,,,,,,,,,,,,,,,,,,,,,,,,,,,,,,,,,,,,,,,,
,,,https://www.dundee.ac.uk/undergraduate/law-english-northern-irish-french,,,,,,,,,,,,,,,,,,,,,,,,,,,,,,,,,,,,,,,,,,,,,,,,
,,,https://www.dundee.ac.uk/undergraduate/law-scots-accelerated,,,,,,,,,,,,,,,,,,,,,,,,,,,,,,,,,,,,,,,,,,,,,,,,
,,,https://www.dundee.ac.uk/undergraduate/law-english-northern-irish-energy-law,,,,,,,,,,,,,,,,,,,,,,,,,,,,,,,,,,,,,,,,,,,,,,,,
,,,https://www.dundee.ac.uk/undergraduate/law-english-northern-irish,,,,,,,,,,,,,,,,,,,,,,,,,,,,,,,,,,,,,,,,,,,,,,,,
,,,https://www.dundee.ac.uk/undergraduate/international-health-bmsc,,,,,,,,,,,,,,,,,,,,,,,,,,,,,,,,,,,,,,,,,,,,,,,,
,,,https://www.dundee.ac.uk/undergraduate/law-english-northern-irish-accelerated,,,,,,,,,,,,,,,,,,,,,,,,,,,,,,,,,,,,,,,,,,,,,,,,
,,,https://www.dundee.ac.uk/undergraduate/international-relations-politics,,,,,,,,,,,,,,,,,,,,,,,,,,,,,,,,,,,,,,,,,,,,,,,,
,,,https://www.dundee.ac.uk/undergraduate/international-relations-european-languages,,,,,,,,,,,,,,,,,,,,,,,,,,,,,,,,,,,,,,,,,,,,,,,,
,,,https://www.dundee.ac.uk/undergraduate/international-finance,,,,,,,,,,,,,,,,,,,,,,,,,,,,,,,,,,,,,,,,,,,,,,,,
,,,https://www.dundee.ac.uk/undergraduate/international-business-spanish-ma,,,,,,,,,,,,,,,,,,,,,,,,,,,,,,,,,,,,,,,,,,,,,,,,
,,,https://www.dundee.ac.uk/undergraduate/international-business-spanish-bsc,,,,,,,,,,,,,,,,,,,,,,,,,,,,,,,,,,,,,,,,,,,,,,,,
,,,https://www.dundee.ac.uk/undergraduate/international-business-marketing-bsc,,,,,,,,,,,,,,,,,,,,,,,,,,,,,,,,,,,,,,,,,,,,,,,,
,,,https://www.dundee.ac.uk/undergraduate/international-business-marketing-ma,,,,,,,,,,,,,,,,,,,,,,,,,,,,,,,,,,,,,,,,,,,,,,,,
,,,https://www.dundee.ac.uk/undergraduate/international-business-french-ma,,,,,,,,,,,,,,,,,,,,,,,,,,,,,,,,,,,,,,,,,,,,,,,,
,,,https://www.dundee.ac.uk/undergraduate/jewellery-metal-design,,,,,,,,,,,,,,,,,,,,,,,,,,,,,,,,,,,,,,,,,,,,,,,,
,,,https://www.dundee.ac.uk/undergraduate/international-business-french-bsc,,,,,,,,,,,,,,,,,,,,,,,,,,,,,,,,,,,,,,,,,,,,,,,,
,,,https://www.dundee.ac.uk/undergraduate/international-business-bsc,,,,,,,,,,,,,,,,,,,,,,,,,,,,,,,,,,,,,,,,,,,,,,,,
,,,https://www.dundee.ac.uk/undergraduate/international-business-ma,,,,,,,,,,,,,,,,,,,,,,,,,,,,,,,,,,,,,,,,,,,,,,,,
,,,https://www.dundee.ac.uk/undergraduate/international-business-environmental-sustainability,,,,,,,,,,,,,,,,,,,,,,,,,,,,,,,,,,,,,,,,,,,,,,,,
,,,https://www.dundee.ac.uk/undergraduate/humanities-individual-module,,,,,,,,,,,,,,,,,,,,,,,,,,,,,,,,,,,,,,,,,,,,,,,,
,,,https://www.dundee.ac.uk/undergraduate/international-business-international-relations,,,,,,,,,,,,,,,,,,,,,,,,,,,,,,,,,,,,,,,,,,,,,,,,
,,,https://www.dundee.ac.uk/undergraduate/illustration,,,,,,,,,,,,,,,,,,,,,,,,,,,,,,,,,,,,,,,,,,,,,,,,
,,,https://www.dundee.ac.uk/undergraduate/humanities-dundee-angus-college,,,,,,,,,,,,,,,,,,,,,,,,,,,,,,,,,,,,,,,,,,,,,,,,
,,,https://www.dundee.ac.uk/undergraduate/history-spanish,,,,,,,,,,,,,,,,,,,,,,,,,,,,,,,,,,,,,,,,,,,,,,,,
,,,https://www.dundee.ac.uk/undergraduate/human-reproduction-assisted-conception-embryonic-stem-cells-bmsc,,,,,,,,,,,,,,,,,,,,,,,,,,,,,,,,,,,,,,,,,,,,,,,,
,,,https://www.dundee.ac.uk/undergraduate/history-french,,,,,,,,,,,,,,,,,,,,,,,,,,,,,,,,,,,,,,,,,,,,,,,,
,,,https://www.dundee.ac.uk/undergraduate/history-psychology,,,,,,,,,,,,,,,,,,,,,,,,,,,,,,,,,,,,,,,,,,,,,,,,
,,,https://www.dundee.ac.uk/undergraduate/history,,,,,,,,,,,,,,,,,,,,,,,,,,,,,,,,,,,,,,,,,,,,,,,,
,,,https://www.dundee.ac.uk/undergraduate/history-politics,,,,,,,,,,,,,,,,,,,,,,,,,,,,,,,,,,,,,,,,,,,,,,,,
,,,https://www.dundee.ac.uk/undergraduate/interior-environmental-design,,,,,,,,,,,,,,,,,,,,,,,,,,,,,,,,,,,,,,,,,,,,,,,,
,,,https://www.dundee.ac.uk/undergraduate/history-philosophy,,,,,,,,,,,,,,,,,,,,,,,,,,,,,,,,,,,,,,,,,,,,,,,,
,,,https://www.dundee.ac.uk/undergraduate/history-international-relations,,,,,,,,,,,,,,,,,,,,,,,,,,,,,,,,,,,,,,,,,,,,,,,,
,,,https://www.dundee.ac.uk/undergraduate/history-european-languages,,,,,,,,,,,,,,,,,,,,,,,,,,,,,,,,,,,,,,,,,,,,,,,,
,,,https://www.dundee.ac.uk/undergraduate/healthcare-improvement-bmsc,,,,,,,,,,,,,,,,,,,,,,,,,,,,,,,,,,,,,,,,,,,,,,,,
,,,https://www.dundee.ac.uk/undergraduate/geopolitics,,,,,,,,,,,,,,,,,,,,,,,,,,,,,,,,,,,,,,,,,,,,,,,,
,,,https://www.dundee.ac.uk/undergraduate/geography-spanish,,,,,,,,,,,,,,,,,,,,,,,,,,,,,,,,,,,,,,,,,,,,,,,,
,,,https://www.dundee.ac.uk/undergraduate/geography-french,,,,,,,,,,,,,,,,,,,,,,,,,,,,,,,,,,,,,,,,,,,,,,,,
,,,https://www.dundee.ac.uk/undergraduate/geography-ma,,,,,,,,,,,,,,,,,,,,,,,,,,,,,,,,,,,,,,,,,,,,,,,,
,,,https://www.dundee.ac.uk/undergraduate/graphic-design,,,,,,,,,,,,,,,,,,,,,,,,,,,,,,,,,,,,,,,,,,,,,,,,
,,,https://www.dundee.ac.uk/undergraduate/geography-bsc,,,,,,,,,,,,,,,,,,,,,,,,,,,,,,,,,,,,,,,,,,,,,,,,
,,,https://www.dundee.ac.uk/undergraduate/geography-psychology,,,,,,,,,,,,,,,,,,,,,,,,,,,,,,,,,,,,,,,,,,,,,,,,
,,,https://www.dundee.ac.uk/undergraduate/geography-politics,,,,,,,,,,,,,,,,,,,,,,,,,,,,,,,,,,,,,,,,,,,,,,,,
,,,https://www.dundee.ac.uk/undergraduate/fine-art,,,,,,,,,,,,,,,,,,,,,,,,,,,,,,,,,,,,,,,,,,,,,,,,
,,,https://www.dundee.ac.uk/undergraduate/geography-planning,,,,,,,,,,,,,,,,,,,,,,,,,,,,,,,,,,,,,,,,,,,,,,,,
,,,https://www.dundee.ac.uk/undergraduate/geography-history,,,,,,,,,,,,,,,,,,,,,,,,,,,,,,,,,,,,,,,,,,,,,,,,
,,,https://www.dundee.ac.uk/undergraduate/geography-economics,,,,,,,,,,,,,,,,,,,,,,,,,,,,,,,,,,,,,,,,,,,,,,,,
,,,https://www.dundee.ac.uk/undergraduate/genetics-cancer-personalised-medicine-bmsc,,,,,,,,,,,,,,,,,,,,,,,,,,,,,,,,,,,,,,,,,,,,,,,,
,,,https://www.dundee.ac.uk/undergraduate/forensic-medicine-bmsc,,,,,,,,,,,,,,,,,,,,,,,,,,,,,,,,,,,,,,,,,,,,,,,,
,,,https://www.dundee.ac.uk/undergraduate/geography-environmental-science,,,,,,,,,,,,,,,,,,,,,,,,,,,,,,,,,,,,,,,,,,,,,,,,
,,,https://www.dundee.ac.uk/undergraduate/forensic-anthropology,,,,,,,,,,,,,,,,,,,,,,,,,,,,,,,,,,,,,,,,,,,,,,,,
,,,https://www.dundee.ac.uk/undergraduate/financial-economics-french,,,,,,,,,,,,,,,,,,,,,,,,,,,,,,,,,,,,,,,,,,,,,,,,
,,,https://www.dundee.ac.uk/undergraduate/financial-economics-spanish,,,,,,,,,,,,,,,,,,,,,,,,,,,,,,,,,,,,,,,,,,,,,,,,
,,,https://www.dundee.ac.uk/undergraduate/finance,,,,,,,,,,,,,,,,,,,,,,,,,,,,,,,,,,,,,,,,,,,,,,,,
,,,https://www.dundee.ac.uk/undergraduate/european-politics-french,,,,,,,,,,,,,,,,,,,,,,,,,,,,,,,,,,,,,,,,,,,,,,,,
,,,https://www.dundee.ac.uk/undergraduate/financial-economics-ma,,,,,,,,,,,,,,,,,,,,,,,,,,,,,,,,,,,,,,,,,,,,,,,,
,,,https://www.dundee.ac.uk/undergraduate/financial-economics-accelerated,,,,,,,,,,,,,,,,,,,,,,,,,,,,,,,,,,,,,,,,,,,,,,,,
,,,https://www.dundee.ac.uk/undergraduate/financial-economics-bsc,,,,,,,,,,,,,,,,,,,,,,,,,,,,,,,,,,,,,,,,,,,,,,,,
,,,https://www.dundee.ac.uk/undergraduate/european-politics-spanish,,,,,,,,,,,,,,,,,,,,,,,,,,,,,,,,,,,,,,,,,,,,,,,,
,,,https://www.dundee.ac.uk/undergraduate/european-philosophy-spanish,,,,,,,,,,,,,,,,,,,,,,,,,,,,,,,,,,,,,,,,,,,,,,,,
,,,https://www.dundee.ac.uk/undergraduate/european-politics,,,,,,,,,,,,,,,,,,,,,,,,,,,,,,,,,,,,,,,,,,,,,,,,
,,,https://www.dundee.ac.uk/undergraduate/european-philosophy-french,,,,,,,,,,,,,,,,,,,,,,,,,,,,,,,,,,,,,,,,,,,,,,,,
,,,https://www.dundee.ac.uk/undergraduate/european-philosophy,,,,,,,,,,,,,,,,,,,,,,,,,,,,,,,,,,,,,,,,,,,,,,,,
,,,https://www.dundee.ac.uk/undergraduate/environmental-sustainability,,,,,,,,,,,,,,,,,,,,,,,,,,,,,,,,,,,,,,,,,,,,,,,,
,,,https://www.dundee.ac.uk/undergraduate/environmental-science-dundee-angus-college,,,,,,,,,,,,,,,,,,,,,,,,,,,,,,,,,,,,,,,,,,,,,,,,
,,,https://www.dundee.ac.uk/undergraduate/english-spanish,,,,,,,,,,,,,,,,,,,,,,,,,,,,,,,,,,,,,,,,,,,,,,,,
,,,https://www.dundee.ac.uk/undergraduate/environmental-sustainability-geography,,,,,,,,,,,,,,,,,,,,,,,,,,,,,,,,,,,,,,,,,,,,,,,,
,,,https://www.dundee.ac.uk/undergraduate/dentistry,,,,,,,,,,,,,,,,,,,,,,,,,,,,,,,,,,,,,,,,,,,,,,,,
,,,https://www.dundee.ac.uk/undergraduate/environmental-science-geography,,,,,,,,,,,,,,,,,,,,,,,,,,,,,,,,,,,,,,,,,,,,,,,,
,,,https://www.dundee.ac.uk/undergraduate/environmental-science,,,,,,,,,,,,,,,,,,,,,,,,,,,,,,,,,,,,,,,,,,,,,,,,
,,,https://www.dundee.ac.uk/undergraduate/english-french,,,,,,,,,,,,,,,,,,,,,,,,,,,,,,,,,,,,,,,,,,,,,,,,
,,,https://www.dundee.ac.uk/undergraduate/economics-history,,,,,,,,,,,,,,,,,,,,,,,,,,,,,,,,,,,,,,,,,,,,,,,,
,,,https://www.dundee.ac.uk/undergraduate/economics-international-relations,,,,,,,,,,,,,,,,,,,,,,,,,,,,,,,,,,,,,,,,,,,,,,,,
,,,https://www.dundee.ac.uk/undergraduate/community-education-work-based-route,,,,,,,,,,,,,,,,,,,,,,,,,,,,,,,,,,,,,,,,,,,,,,,,
,,,https://www.dundee.ac.uk/undergraduate/community-education,,,,,,,,,,,,,,,,,,,,,,,,,,,,,,,,,,,,,,,,,,,,,,,,
,,,https://www.dundee.ac.uk/undergraduate/computing-science,,,,,,,,,,,,,,,,,,,,,,,,,,,,,,,,,,,,,,,,,,,,,,,,
,,,https://www.dundee.ac.uk/undergraduate/civil-engineering-meng,,,,,,,,,,,,,,,,,,,,,,,,,,,,,,,,,,,,,,,,,,,,,,,,
,,,https://www.dundee.ac.uk/undergraduate/childhood-studies,,,,,,,,,,,,,,,,,,,,,,,,,,,,,,,,,,,,,,,,,,,,,,,,
,,,https://www.dundee.ac.uk/undergraduate/digital-interaction-design,,,,,,,,,,,,,,,,,,,,,,,,,,,,,,,,,,,,,,,,,,,,,,,,
,,,https://www.dundee.ac.uk/undergraduate/childhood-practice,,,,,,,,,,,,,,,,,,,,,,,,,,,,,,,,,,,,,,,,,,,,,,,,
,,,https://www.dundee.ac.uk/undergraduate/child-nursing-msc,,,,,,,,,,,,,,,,,,,,,,,,,,,,,,,,,,,,,,,,,,,,,,,,
,,,https://www.dundee.ac.uk/undergraduate/civil-engineering-beng,,,,,,,,,,,,,,,,,,,,,,,,,,,,,,,,,,,,,,,,,,,,,,,,
,,,https://www.dundee.ac.uk/undergraduate/child-nursing-bsc-hons,,,,,,,,,,,,,,,,,,,,,,,,,,,,,,,,,,,,,,,,,,,,,,,,
,,,https://www.dundee.ac.uk/undergraduate/child-nursing-bsc,,,,,,,,,,,,,,,,,,,,,,,,,,,,,,,,,,,,,,,,,,,,,,,,
,,,https://www.dundee.ac.uk/undergraduate/cardiovascular-diabetes-medicine-bmsc,,,,,,,,,,,,,,,,,,,,,,,,,,,,,,,,,,,,,,,,,,,,,,,,
,,,https://www.dundee.ac.uk/undergraduate/business-economics-marketing-spanish,,,,,,,,,,,,,,,,,,,,,,,,,,,,,,,,,,,,,,,,,,,,,,,,
,,,https://www.dundee.ac.uk/undergraduate/business-economics-marketing-french,,,,,,,,,,,,,,,,,,,,,,,,,,,,,,,,,,,,,,,,,,,,,,,,
,,,https://www.dundee.ac.uk/undergraduate/business-economics-marketing-psychology,,,,,,,,,,,,,,,,,,,,,,,,,,,,,,,,,,,,,,,,,,,,,,,,
,,,https://www.dundee.ac.uk/undergraduate/international-business-accelerated,,,,,,,,,,,,,,,,,,,,,,,,,,,,,,,,,,,,,,,,,,,,,,,,
,,,https://www.dundee.ac.uk/undergraduate/business-economics-marketing-bsc,,,,,,,,,,,,,,,,,,,,,,,,,,,,,,,,,,,,,,,,,,,,,,,,
,,,https://www.dundee.ac.uk/undergraduate/business-economics-marketing-ma,,,,,,,,,,,,,,,,,,,,,,,,,,,,,,,,,,,,,,,,,,,,,,,,
,,,https://www.dundee.ac.uk/undergraduate/business-economics-marketing-politics,,,,,,,,,,,,,,,,,,,,,,,,,,,,,,,,,,,,,,,,,,,,,,,,
,,,https://www.dundee.ac.uk/undergraduate/business-economics-marketing-mathematics,,,,,,,,,,,,,,,,,,,,,,,,,,,,,,,,,,,,,,,,,,,,,,,,
,,,https://www.dundee.ac.uk/undergraduate/business-economics-marketing-history,,,,,,,,,,,,,,,,,,,,,,,,,,,,,,,,,,,,,,,,,,,,,,,,
,,,https://www.dundee.ac.uk/undergraduate/economics-accelerated,,,,,,,,,,,,,,,,,,,,,,,,,,,,,,,,,,,,,,,,,,,,,,,,
,,,https://www.dundee.ac.uk/undergraduate/business-economics-marketing-geography,,,,,,,,,,,,,,,,,,,,,,,,,,,,,,,,,,,,,,,,,,,,,,,,
,,,https://www.dundee.ac.uk/undergraduate/business-management-accelerated,,,,,,,,,,,,,,,,,,,,,,,,,,,,,,,,,,,,,,,,,,,,,,,,
,,,https://www.dundee.ac.uk/undergraduate/business-economics-marketing-accelerated,,,,,,,,,,,,,,,,,,,,,,,,,,,,,,,,,,,,,,,,,,,,,,,,
,,,https://www.dundee.ac.uk/undergraduate/biomedical-sciences,,,,,,,,,,,,,,,,,,,,,,,,,,,,,,,,,,,,,,,,,,,,,,,,
,,,https://www.dundee.ac.uk/undergraduate/biomedical-sciences-industry,,,,,,,,,,,,,,,,,,,,,,,,,,,,,,,,,,,,,,,,,,,,,,,,
,,,https://www.dundee.ac.uk/undergraduate/biomedical-engineering,,,,,,,,,,,,,,,,,,,,,,,,,,,,,,,,,,,,,,,,,,,,,,,,
,,,https://www.dundee.ac.uk/undergraduate/biological-sciences,,,,,,,,,,,,,,,,,,,,,,,,,,,,,,,,,,,,,,,,,,,,,,,,
,,,https://www.dundee.ac.uk/undergraduate/biomedical-engineering-neu-china,,,,,,,,,,,,,,,,,,,,,,,,,,,,,,,,,,,,,,,,,,,,,,,,
,,,https://www.dundee.ac.uk/undergraduate/biological-chemistry-drug-discovery,,,,,,,,,,,,,,,,,,,,,,,,,,,,,,,,,,,,,,,,,,,,,,,,
,,,https://www.dundee.ac.uk/undergraduate/biological-chemistry-drug-discovery-industry,,,,,,,,,,,,,,,,,,,,,,,,,,,,,,,,,,,,,,,,,,,,,,,,
,,,https://www.dundee.ac.uk/undergraduate/biological-sciences-industry,,,,,,,,,,,,,,,,,,,,,,,,,,,,,,,,,,,,,,,,,,,,,,,,
,,,https://www.dundee.ac.uk/undergraduate/biological-biomedical-singapore,,,,,,,,,,,,,,,,,,,,,,,,,,,,,,,,,,,,,,,,,,,,,,,,
,,,https://www.dundee.ac.uk/undergraduate/biochemistry,,,,,,,,,,,,,,,,,,,,,,,,,,,,,,,,,,,,,,,,,,,,,,,,
,,,https://www.dundee.ac.uk/undergraduate/international-finance-accelerated,,,,,,,,,,,,,,,,,,,,,,,,,,,,,,,,,,,,,,,,,,,,,,,,
,,,https://www.dundee.ac.uk/undergraduate/arts-social-sciences-ma,,,,,,,,,,,,,,,,,,,,,,,,,,,,,,,,,,,,,,,,,,,,,,,,
,,,https://www.dundee.ac.uk/undergraduate/finance-accelerated,,,,,,,,,,,,,,,,,,,,,,,,,,,,,,,,,,,,,,,,,,,,,,,,
,,,https://www.dundee.ac.uk/undergraduate/architecture-urban-planning,,,,,,,,,,,,,,,,,,,,,,,,,,,,,,,,,,,,,,,,,,,,,,,,
,,,https://www.dundee.ac.uk/undergraduate/architecture-riba-part-2,,,,,,,,,,,,,,,,,,,,,,,,,,,,,,,,,,,,,,,,,,,,,,,,
,,,https://www.dundee.ac.uk/undergraduate/architecture,,,,,,,,,,,,,,,,,,,,,,,,,,,,,,,,,,,,,,,,,,,,,,,,
,,,https://www.dundee.ac.uk/undergraduate/applied-physics,,,,,,,,,,,,,,,,,,,,,,,,,,,,,,,,,,,,,,,,,,,,,,,,
,,,https://www.dundee.ac.uk/undergraduate/architecture-studies-wuhan,,,,,,,,,,,,,,,,,,,,,,,,,,,,,,,,,,,,,,,,,,,,,,,,
,,,https://www.dundee.ac.uk/undergraduate/applied-computing-hci,,,,,,,,,,,,,,,,,,,,,,,,,,,,,,,,,,,,,,,,,,,,,,,,
,,,https://www.dundee.ac.uk/undergraduate/applied-orthopaedic-technology-bmsc,,,,,,,,,,,,,,,,,,,,,,,,,,,,,,,,,,,,,,,,,,,,,,,,
,,,https://www.dundee.ac.uk/undergraduate/art-philosophy,,,,,,,,,,,,,,,,,,,,,,,,,,,,,,,,,,,,,,,,,,,,,,,,
,,,https://www.dundee.ac.uk/undergraduate/anatomy-bmsc,,,,,,,,,,,,,,,,,,,,,,,,,,,,,,,,,,,,,,,,,,,,,,,,
,,,https://www.dundee.ac.uk/undergraduate/applied-computing,,,,,,,,,,,,,,,,,,,,,,,,,,,,,,,,,,,,,,,,,,,,,,,,
,,,https://www.dundee.ac.uk/undergraduate/anatomical-sciences,,,,,,,,,,,,,,,,,,,,,,,,,,,,,,,,,,,,,,,,,,,,,,,,
,,,https://www.dundee.ac.uk/undergraduate/adult-nursing-msc,,,,,,,,,,,,,,,,,,,,,,,,,,,,,,,,,,,,,,,,,,,,,,,,
,,,https://www.dundee.ac.uk/undergraduate/adult-nursing-bsc,,,,,,,,,,,,,,,,,,,,,,,,,,,,,,,,,,,,,,,,,,,,,,,,
,,,https://www.dundee.ac.uk/undergraduate/adult-nursing-bsc-hons,,,,,,,,,,,,,,,,,,,,,,,,,,,,,,,,,,,,,,,,,,,,,,,,
,,,https://www.dundee.ac.uk/undergraduate/adult-nursing-msc-kirkcaldy,,,,,,,,,,,,,,,,,,,,,,,,,,,,,,,,,,,,,,,,,,,,,,,,
,,,https://www.dundee.ac.uk/undergraduate/adult-nursing-bsc-hons-kirkcaldy,,,,,,,,,,,,,,,,,,,,,,,,,,,,,,,,,,,,,,,,,,,,,,,,
,,,https://www.dundee.ac.uk/undergraduate/animation,,,,,,,,,,,,,,,,,,,,,,,,,,,,,,,,,,,,,,,,,,,,,,,,
,,,https://www.dundee.ac.uk/undergraduate/accountancy-bacc-hons,,,,,,,,,,,,,,,,,,,,,,,,,,,,,,,,,,,,,,,,,,,,,,,,
,,,https://www.dundee.ac.uk/undergraduate/adult-nursing-kirkcaldy,,,,,,,,,,,,,,,,,,,,,,,,,,,,,,,,,,,,,,,,,,,,,,,,
,,,https://www.dundee.ac.uk/undergraduate/accountancy-bacc,,,,,,,,,,,,,,,,,,,,,,,,,,,,,,,,,,,,,,,,,,,,,,,,
,,,https://www.dundee.ac.uk/undergraduate/life-sciences-foundation,,,,,,,,,,,,,,,,,,,,,,,,,,,,,,,,,,,,,,,,,,,,,,,,
,,,https://www.dundee.ac.uk/undergraduate/accountancy-mathematics,,,,,,,,,,,,,,,,,,,,,,,,,,,,,,,,,,,,,,,,,,,,,,,,
